word,frequency
rocky,738
1976,2
movie,3
script,1
by,42
sylvester,1
stallone,1
final,1
draft,1
1776,1
more,41
info,1
about,30
this,88
on,133
imdbcom,1
int,73
blue,8
door,31
fight,59
club,5
night,70
superimpose,1
over,49
action,9
november,1
12,2
1975,1
philadelphia,10
the,1233
itself,1
resembles,5
a,562
large,12
unemptied,1
trashcan,1
boxing,8
ring,39
is,314
extra,2
small,9
to,418
insure,1
constant,1
battle,5
lights,8
overhead,4
have,34
barely,3
enough,6
wattage,1
see,40
who,33
fighting,11
in,251
are,61
two,33
heavyweights,1
one,33
white,18
other,20
black,17
fighter,40
balboa,23
he,221
thirty,10
years,20
old,17
his,227
face,43
scarred,1
and,469
thick,7
around,29
nose,14
hair,7
shines,1
hangs,4
eyes,42
fights,5
plodding,1
machinelike,1
style,7
dances,2
bangs,1
combinations,6
into,67
rockys,74
with,148
great,23
accuracy,2
but,78
punches,5
do,59
not,39
even,8
cause,22
blink,1
grins,2
at,118
opponent,2
keeps,5
grinding,2
ahead,5
people,19
ringside,9
sit,7
folding,1
chairs,2
clamor,2
for,101
blood,16
they,58
lean,2
out,87
of,274
their,24
seats,3
heckle,1
fighters,28
smoke,2
resemble,1
spectres,1
everyone,9
hustling,1
bets,2
heavier,1
balcony,1
housewife,1
yells,6
somebody,5
cover,5
dollar,4
bet,4
bell,18
rings,16
return,2
corner,32
heaves,2
beer,3
can,41
spits,6
something,6
red,12
bucket,2
sneers,1
across,21
cornerman,6
im,85
gonna,37
bust,2
head,18
wide,4
open,10
being,16
assisted,1
shriveled,1
balding,1
an,151
employee,1
works,5
without,9
any,12
enthusiasm,1
lackluster,1
ya,260
waltzin,1
give,25
suckers,1
some,25
hey,27
overriding,2
movin,2
like,92
bum,15
want,30
advice,4
just,25
gimme,12
water,8
2,21
fan,3
rushes,2
up,71
sixtyfive,1
yellow,3
teeth,4
wearing,3
sunglasses,1
should,13
i,324
dont,102
go,30
distance,5
feel,15
strong,1
absolutely,6
good,47
mouthpiece,4
makes,9
sign,4
cross,3
engage,1
grabs,5
clinch,2
purposely,1
butts,1
him,71
butt,1
opens,17
bleeding,1
cut,9
eye,7
becomes,5
furious,2
foul,2
drives,5
flurry,1
mans,8
body,21
slams,5
man,87
jaw,3
fans,17
throw,6
rubbish,1
ignores,3
it,171
loudly,4
collecting,1
referee,6
does,11
bother,8
count,2
drags,3
under,5
ropes,9
where,7
placed,3
stretcher,2
new,10
enter,8
slips,3
tattered,1
robe,5
embroidered,2
clumsily,1
back,31
italian,13
stallion,9
announcer,14
winner,4
next,11
six,9
rounder,1
between,5
local,2
lightweights,1
pomp,1
climbs,4
bums,3
cigarette,3
from,61
spectator,1
passes,16
behind,10
watches,6
moment,11
continues,9
aisle,4
before,12
reaches,4
rear,5
has,49
already,5
begun,1
fades,6
darkness,2
title,3
credits,1
end,12
dressing,22
room,50
nearly,9
completed,3
locker,13
hat,4
also,6
dingy,1
ten,16
taped,3
talk,18
shop,20
3,3
1,26
tomorrow,5
me,99
my,76
woman,10
tip,1
down,36
atlantic,1
city,7
its,46
cold,8
bro,2
thats,28
right,36
got,43
myself,4
another,63
paces,1
nervously,6
shadowbox,1
spit,3
floor,11
young,18
pug,2
combs,1
listens,2
portable,1
radio,2
that,105
blasting,1
music,4
defeated,2
drinking,1
joking,1
three,19
smoking,3
cloudy,1
short,7
fifty,15
enters,24
dressed,5
sweater,3
buttoned,1
tshirt,3
promoter,5
raises,6
steps,31
continuing,70
twenty,7
bucks,7
towel,4
shower,7
seven,9
tax,2
house,13
owes,1
sixtyone,1
dollars,11
peels,2
off,40
money,5
departs,1
closes,3
nods,15
leaves,7
trolley,4
heading,4
south,4
philly,7
empty,2
except,4
thin,2
studies,4
bruised,2
selfconscious,1
almost,12
apologetic,1
4,1
tired,2
yo,43
iz,3
accident,3
ext,33
street,29
exits,14
walks,16
block,5
waves,13
pair,7
highheeled,1
hookers,1
wave,5
sleeping,1
wino,1
curled,1
front,19
dirty,8
bookstore,1
protective,1
passageway,1
further,1
pauses,7
animal,4
town,2
pet,11
peers,2
dark,9
store,2
sees,12
sad,2
huge,7
dog,20
sitting,2
window,13
mumbles,1
apartment,28
while,6
later,17
approaches,12
located,2
most,13
deprived,1
section,1
kicks,2
away,28
litter,4
gathered,1
against,19
hallway,5
narrow,1
painted,1
olive,1
brown,4
single,1
light,13
bulb,1
illuminates,1
gloomy,2
corridor,3
oneroom,2
drab,1
curling,1
poster,3
marciano,3
tacked,2
wall,11
nailed,1
far,5
mattress,2
used,2
as,41
punching,3
bag,12
stuffing,1
spills,1
center,5
drops,7
coat,8
puts,8
glasses,5
crosses,4
turtle,4
bowl,4
lifts,1
creatures,1
look,27
whos,6
home,17
starts,7
boil,1
pan,1
hot,3
plate,2
then,14
places,4
45,2
rpm,1
record,8
battered,2
phonograph,1
tune,1
all,33
game,4
crackling,1
begins,13
picks,3
hairbrush,1
using,1
microphone,4
mimes,2
assumes,2
posture,1
famous,1
singer,1
crooning,1
thousands,2
adoring,1
switches,1
bullish,2
stance,1
throws,7
several,18
boils,1
soaks,1
badlyswollen,1
hands,25
5,1
sunrise,1
skyline,2
dawn,13
we,33
jagged,1
highlighted,1
towering,1
figure,4
william,1
penn,1
rises,6
above,6
haze,1
sits,14
majestically,1
hall,5
docks,2
early,6
morning,8
walking,2
along,6
waterfront,1
bandaid,1
looks,46
rugged,1
stevedores,2
going,9
business,15
stuffs,1
cheap,6
wool,1
jacket,1
ship,2
unloaded,1
mafia,4
types,2
leaning,3
parked,3
car,7
these,9
men,15
drinkers,2
rock,18
hows,7
your,36
boss,3
real,12
fightin,13
again,17
yeah,40
here,43
there,13
mebbe,4
make,20
sum,2
togather,1
soon,4
best,30
shrugs,4
moves,24
nears,1
heavy,9
working,1
crane,2
frightened,4
stops,8
hurries,3
ships,2
hole,4
dashes,1
gangplank,1
day,37
runs,8
past,6
tons,2
stacked,2
crates,1
coffee,3
beans,1
sprints,3
after,19
lunges,1
flings,3
neck,5
cargo,1
fats,11
terrorfilled,1
hit,8
mr,12
gazzo,49
wants,10
hundred,19
now,36
6,1
honest,1
god,2
broke,12
break,13
says,8
get,45
or,14
thumb,8
please,17
need,10
work,9
christ,5
thumbs,1
wits,1
metal,3
hook,9
remains,5
cool,1
goin,18
fishin,1
whats,22
name,15
bob,3
if,27
wanna,19
dance,3
gotta,26
pay,6
band,1
borrow,1
aint,46
emotionally,1
involved,1
determined,2
expression,8
strikes,3
fat,3
quickly,7
fumbles,3
through,22
pockets,1
wad,2
bills,2
counting,1
completely,3
what,76
food,5
stuff,6
7,1
you,194
hand,22
sympathetically,1
flushed,3
juice,4
climbin,2
every,17
week,4
know,28
been,21
workin,1
months,2
damn,7
interest,3
still,17
seventy,1
waits,2
be,83
smart,7
nothin,25
take,24
worth,4
fiftysixty,1
yours,2
removes,14
extends,3
guy,10
gazzos,8
nuthin,2
ill,24
tape,5
wont,8
wise,3
keep,10
well,10
fake,1
suddenly,7
bends,1
knees,1
whisper,2
no,72
releases,2
shock,1
fine,8
coulda,2
happened,4
8,2
very,38
prosperous,1
looking,7
reading,3
todays,1
special,3
mixed,3
kittens,1
150,2
stares,6
lhasa,1
apsa,1
puppies,1
taps,3
whistles,1
girl,18
counter,6
presses,2
impression,1
hunchback,1
notre,1
dame,1
adrian,153
klein,1
she,55
attractive,1
pleasantlooking,1
pulled,3
skinned,1
wears,3
really,9
flirt,1
so,31
painfully,1
shy,6
nothing,3
ever,18
gets,8
started,3
could,11
puppy,2
customer,3
breathe,4
paid,1
whatever,2
her,47
hard,15
snatches,1
takes,13
couple,2
pocket,6
lady,1
9,1
kinda,8
aggravated,1
sorry,3
fault,2
heres,6
problem,4
though,8
charmed,1
slightly,5
intimidated,2
last,14
had,25
moths,3
than,8
flies,1
caught,5
turtles,8
throat,3
them,24
cough,3
owner,10
squat,1
forty,2
gloria,1
was,49
talkin,4
sayin,1
em,9
coughs,1
little,7
smack,2
shell,2
whatta,14
think,40
shellshocked,1
both,13
smile,3
10,1
startin,2
bad,26
jokes,4
today,4
huh,8
inventin,1
easy,2
cage,3
inside,9
butkus,5
mornin,5
time,20
check,3
jumps,4
happy,6
dead,5
play,6
plays,3
bullmastiff,1
suppose,5
pick,3
weeks,3
ago,6
were,15
responsible,1
animals,2
left,17
days,1
board,2
shelter,1
yknow,23
clean,2
those,3
cat,1
cages,2
downstairs,1
theyre,6
mess,2
goodbye,1
lehigh,1
st,1
train,8
trestle,1
11,1
moving,2
guard,3
seat,7
only,19
hes,26
rest,2
patiently,1
sure,22
bobs,1
collect,1
del,1
rio,1
late,7
howd,4
bodyguard,21
mirror,9
smiles,24
did,24
license,1
number,2
wa,1
truck,1
run,8
beckons,2
job,9
how,37
come,20
didnt,12
guys,19
asked,3
when,19
told,3
kid,17
thrown,1
outta,17
cant,26
matter,10
reputation,4
killer,5
rocks,4
emotionless,1
meatbag,1
pull,2
gym,46
strolls,2
goldmills,14
way,13
familiar,3
exchanges,1
irishman,1
soft,2
pretzel,1
stand,9
rudy,4
apparent,2
prize,1
blind,2
mentally,1
defective,1
nah,1
apollo,142
creed,67
beat,9
pieces,1
extint,1
mickeys,12
surrounded,2
bars,1
greasy,1
spoons,1
crowd,19
blacks,2
jive,1
among,2
themselves,2
winos,1
entrance,3
place,6
full,1
measured,1
skip,1
throbbing,1
speed,6
bags,2
alive,2
mindless,1
piece,3
machinery,1
loudspeaker,1
isley,1
brothers,3
blares,1
adds,1
background,1
clang,1
automatic,1
timers,1
snorting,1
sparring,6
partners,4
thudding,1
13,1
divided,1
percent,5
thirtyfive,2
latin,2
five,6
many,5
pause,3
yell,2
greetings,1
hear,11
knocked,3
spider,3
rice,3
sixth,1
third,3
shoulda,4
seen,19
glove,3
touch,2
cmon,12
important,2
touches,3
bare,2
tell,12
whackedoff,1
lined,1
dented,1
lockers,1
wooden,1
benches,1
stretch,3
reads,6
kissing,1
goes,16
tries,8
fails,1
leans,9
ear,5
lock,5
rolls,3
tumblers,1
shakes,8
forcefully,1
luck,12
flustered,1
bench,2
ponder,1
situation,2
deep,7
thought,5
stands,20
seizes,1
smashes,4
opening,1
taken,4
aback,3
set,6
flashy,1
clothes,3
mumbling,1
14,3
picture,7
girls,2
pictures,2
powerful,1
shaped,1
hedge,1
clippers,1
mike,37
happenin,6
listen,10
mickey,154
put,10
belongings,1
crammed,1
wilted,1
shopping,3
follows,7
lathering,1
peanut,3
soap,3
irate,3
nobody,16
call,10
laugh,7
inflamed,2
bar,11
hurls,1
insulting,1
hits,1
shocked,4
silence,5
turns,20
curse,1
spanish,1
15,1
move,14
training,4
routines,1
ready,8
bite,2
english,1
creeds,14
fakes,2
friendly,2
punch,8
chore,1
stool,1
near,4
baggy,1
suit,3
seventies,1
conversing,1
care,5
woulda,2
never,24
made,10
thirties,2
feelin,7
monotoned,1
said,12
dryly,2
low,2
16,2
spitting,1
wait,4
till,2
done,9
boy,13
big,13
dipper,39
champ,9
mean,9
quick,3
dya,3
okay,6
needed,2
muscular,2
heavyweight,12
dippers,5
climber,1
youre,25
tomato,2
facts,2
cleanin,2
watch,9
middleweight,2
timeskip,1
trainer,32
sings,1
fascinatin,1
rhythm,1
july,4
twentyfive,2
17,1
difference,2
took,2
learn,1
combination,4
legs,10
must,3
nature,3
win,4
kayo,1
whod,2
everybody,8
shoots,1
indifferent,2
rosary,2
idly,4
fingers,2
18,1
truth,1
heart,7
ape,1
thing,10
pretty,4
brain,5
retire,1
steam,4
retirin,1
shrugging,1
mop,1
pail,1
gesturing,2
towards,12
known,3
since,5
fifteen,5
waste,2
life,13
dejected,1
travels,1
mouthful,1
smugly,1
dig,6
19,1
cruelly,1
scene,9
crestfallen,1
dusk,4
sunset,1
comes,5
eating,2
colonel,2
sanders,2
fried,1
chicken,2
bone,1
arranging,1
toys,2
hears,2
tapping,1
tenses,4
wow,1
catch,2
pneumonia,2
ah,8
came,1
somethin,9
oh,6
would,22
walk,5
say,28
yes,7
tremendous,1
inferiority,1
complex,1
will,12
permit,2
understands,1
buddy,3
doin,8
nice,5
goodnight,2
departure,1
emotions,1
andys,6
arrives,4
bones,2
public,4
trash,1
bicentennial,13
george,5
washington,6
pointing,2
pile,2
garbage,5
caption,1
valley,1
forge,1
20,1
drunk,3
booth,3
andy,14
sets,3
mug,1
seems,4
someone,1
paulie,140
casually,1
mens,1
traverses,2
drunks,2
restroom,4
vile,1
stench,3
remnants,1
sick,3
caked,1
presently,2
trying,3
comb,1
remaining,2
medium,1
height,1
square,2
shouldered,1
personality,1
classic,2
misanthrope,1
id,8
kill,12
friggin,8
moron,3
sisters,4
givin,1
shoulder,4
forget,8
better,10
sister,14
pass,4
21,1
contd,10
annoyed,1
leftovers,1
wrong,2
caddy,2
connect,1
loser,5
sometimes,4
crazy,3
split,2
razor,2
mental,1
mood,5
always,8
sharp,4
overwhelming,3
covers,3
neckline,1
shes,6
enjoy,3
brainy,1
pushin,1
die,3
alone,6
22,1
dyin,1
too,14
neither,4
lets,4
stink,2
guides,3
stumbling,1
talks,1
dryin,1
live,3
dries,1
pal,2
bout,20
thanksgivin,2
bird,4
alotta,2
crap,3
dinner,2
invite,1
suspended,3
television,12
nightly,1
sports,12
broadcast,3
commentator,43
airport,2
interview,4
champion,17
world,18
twentyeight,1
tall,1
smoothmuscled,1
scar,1
colored,1
23,1
followed,4
entourage,3
trainers,2
cornermen,4
tagging,1
group,5
hangerson,1
interviews,1
followers,1
disembark,1
private,2
jet,1
flight,3
high,4
fast,4
apollos,32
automatically,1
everything,6
rate,1
british,1
challenger,10
henry,1
wilcoxson,1
nasty,1
destroyed,1
hurry,1
gettin,5
mac,3
lee,3
green,5
month,2
referring,1
much,12
publicized,1
greatest,6
sportin,1
event,7
countrys,5
history,7
gala,1
occurrence,1
held,4
championship,8
nations,1
cradle,1
january,5
first,20
major,2
our,10
hundredth,2
year,2
wherere,1
draws,1
wife,3
close,3
24,1
miss,1
children,1
seein,3
hopefuls,1
straight,3
camera,10
stay,5
school,7
use,7
brains,2
lawyer,8
doctor,13
carry,3
leather,1
briefcase,1
grunt,1
smell,1
thinker,1
stinker,1
laughs,11
faces,12
jerry,1
simpson,1
kennedy,1
show,10
cuts,6
pensive,1
stare,5
speaking,3
following,3
dialogue,1
cares,1
nomore,1
downhill,3
baseball,3
basketball,1
footballs,1
bank,1
americas,1
sport,1
nuttin,1
squattin,1
double,1
header,1
baseballs,1
news,4
report,1
ends,3
drinks,1
pros,1
jig,1
clowns,2
25,1
clown,1
shot,20
became,2
yourself,4
becoming,4
despondent,2
slumped,2
unconscious,1
customers,1
boldly,1
laughing,2
pours,1
himself,12
atomic,6
hoagie,6
allnight,1
sandwich,1
inc,2
women,1
badlychipped,1
tooth,10
chipped,9
aggressively,2
buy,3
us,6
wine,5
26,1
why,21
sarcastically,2
dime,2
friends,3
mildly,1
embarrassed,4
thunderbird,1
statement,4
whorelike,1
marie,27
brother,6
hangin,3
attitude,3
attempting,1
impress,1
screw,3
awed,1
whatd,1
yoyo,1
gang,4
angered,1
arm,4
teach,2
27,1
scum,2
reluctantly,1
backs,5
step,4
round,16
chump,2
forward,13
scatter,2
backpedaling,1
gun,1
heat,6
dent,1
leads,3
cutting,2
yard,3
beams,1
cast,1
weak,5
flood,1
top,9
building,5
atmosphere,2
somewhat,1
eerie,2
28,1
hang,4
things,9
f,1
age,1
talked,2
whole,5
neighborhood,2
bored,1
attempts,2
nonchalantly,1
tosses,6
ground,2
yella,2
breath,4
maybe,11
shortcut,1
likes,2
anyway,2
mouth,7
wasnt,2
lookin,5
wouldnt,2
serious,4
datin,1
cute,2
getta,2
29,1
nobodys,3
respect,5
word,5
whore,6
youll,8
becomin,1
twelve,2
doesnt,4
act,1
dyou,2
remember,8
hung,1
rep,4
exit,1
standing,7
shadows,2
muggers,4
cigarettes,1
flares,2
pace,1
follow,2
study,2
yards,3
gives,4
loud,2
boxers,1
snort,1
wipes,1
side,8
shoulders,7
slowly,1
peel,1
meander,1
points,7
hope,4
30,1
acting,1
turn,2
exchange,1
impact,1
few,9
fuck,1
creepo,2
dismay,1
jergens,41
office,23
seated,2
offices,1
miles,6
successful,1
unhappy,1
scowling,1
doctors,2
reports,1
confirmed,3
definitely,3
suffered,1
seriously,2
cracked,1
metacarpal,1
31,1
cancel,1
indefinitely,1
invested,1
believe,3
find,2
solution,2
games,1
client,1
million,2
publicity,3
millions,1
contractual,1
obligations,1
different,3
organizations,1
ranked,2
contender,4
flash,1
holding,2
notes,1
contacted,1
ernie,1
romans,1
manager,7
france,1
same,7
shaw,1
fifth,1
32,1
shaws,1
america,2
postpone,1
until,3
fourth,3
hell,4
thousand,4
thingsll,1
may,5
possible,1
jimmy,2
star,1
sucker,2
billy,2
dukes,1
went,2
california,1
gained,1
pounds,5
called,3
worthwhile,1
isnt,1
shape,6
beneath,5
afraid,2
worlds,1
none,5
prayer,2
beating,3
makin,2
excuses,1
whipped,1
civilized,1
theres,4
salvage,1
dissected,1
birthday,4
33,1
goddamn,1
ive,9
promoted,1
country,3
tried,1
abilities,1
perhaps,1
else,3
needs,3
novelty,2
yous,1
main,2
raise,2
poor,2
underdog,4
snowwhite,1
sentimental,2
theyd,1
let,16
unknown,1
biggest,1
american,2
34,1
afternoon,1
1970,1
cadillac,1
pulls,4
loan,1
shark,1
driving,3
flips,5
notepad,1
wednesday,1
grab,1
grand,7
snyder,2
thursday,2
cappoli,2
tonight,4
paulies,13
abrasively,1
retarded,2
er,3
zoo,2
retards,1
reddens,2
motions,3
relax,2
35,1
buddys,2
prostate,1
problems,1
blessins,1
healthy,1
person,3
murderous,1
kiss,7
ass,2
amused,4
hate,2
reason,2
thanks,7
reverts,1
pores,1
book,1
snow,1
36,1
fouls,1
chuck,1
smith,1
dull,2
bobby,1
judge,4
joe,9
zack,1
prospect,1
exciting,1
sighs,1
exactly,2
records,2
discovered,1
ancestors,1
37,1
rounds,7
drop,3
habit,1
messin,2
southpaws,1
southpaw,7
meets,2
shhiii,1
sounds,3
monster,1
fade,2
kids,3
conduct,1
energetic,1
halfball,3
variation,1
stickball,1
throwing,1
usta,2
deadly,1
joints,3
swollen,3
fist,4
walkin,3
freezer,5
carryin,1
meat,8
38,1
favor,8
friend,6
bothered,2
collector,1
bustin,1
worker,1
askin,2
continue,2
shoppe,1
pitch,4
quarters,3
sidewalk,1
hanging,10
drag,2
opposite,3
direction,3
anger,2
disappointment,1
register,1
filling,2
air,5
metallic,1
sound,9
pitching,1
arrive,1
dimlylit,1
four,10
story,4
walkup,1
39,1
knows,8
comin,2
excited,2
unlocks,2
stiffly,2
kitchen,3
serving,1
spoon,1
tv,6
visibly,1
unsettled,1
unexpected,1
presence,2
weakly,2
hospital,2
minutes,9
calls,2
bedroom,9
argument,3
ensues,1
overhears,2
heard,6
rising,2
vo,1
unfortunate,2
fifthranked,1
slugging,1
acquired,1
fracture,1
aggressive,1
victim,1
fill,4
greens,1
vacancy,1
rumor,1
widelyviewed,1
sporting,3
entire,1
includes,1
super,1
folks,1
swimmers,1
40,1
meanwhile,2
bringing,1
takin,4
instamaticly,1
sicka,1
stop,11
bein,2
thanksgiving,2
turkey,4
oven,2
grabbing,1
fork,2
spears,1
dripping,2
41,1
shattered,2
locks,1
alley,1
eat,4
hungry,1
adrians,3
enclosed,1
try,9
spend,2
dunno,5
together,7
winter,1
42,1
encouraging,1
ice,8
skate,1
skating,4
rink,5
deserted,2
quiet,1
closed,7
cleaning,1
cleaner,19
general,2
43,1
allowed,1
smooth,2
softly,6
somewhere,1
operatin,1
exercise,3
once,2
awhile,2
skatin,1
con,1
blades,1
skates,1
onto,2
shoes,3
44,1
arent,1
skated,1
ankles,3
tops,1
wanted,2
prove,5
werent,4
pro,1
chance,13
sideline,1
nine,3
cryin,1
hobby,1
natural,1
pugs,2
timin,1
awkward,1
means,4
lefthanded,1
guess,2
long,7
probably,3
worked,2
eight,6
breaks,4
fall,3
dislocated,1
finger,2
ohh,1
originally,1
baby,4
crenshaw,2
wallet,1
size,1
airplane,1
lost,2
cokes,3
cost,2
buck,1
beautiful,2
slight,2
falls,2
graceful,1
dancer,2
swat,1
havin,2
nervous,6
carefully,1
racket,6
46,1
ol,2
sharpest,1
born,2
funny,1
mother,1
youd,1
develop,1
deaf,3
cents,1
charge,2
start,6
leave,3
fishes,1
eleven,1
47,1
bu,1
disease,1
either,4
bringin,1
dumb,2
coupla,1
coconuts,1
understand,1
anybody,2
guaranteed,1
least,4
half,3
roughest,1
part,1
48,1
rough,1
wound,4
callin,3
taxi,1
drive,3
bed,4
bathroom,4
hurt,9
ears,1
hurts,2
proud,3
sixty,1
busted,3
bent,2
twisted,1
bitten,1
rare,2
sing,1
bleakness,1
icebox,4
glass,3
dresser,1
photo,1
handsome,1
smoothfaced,1
reflected,1
player,2
tellin,3
cuff,1
link,1
sold,2
49,1
bought,4
kit,1
mountain,2
rid,1
kept,1
fallin,1
phone,2
am,7
might,3
worried,3
bellows,1
foghorn,1
smiling,3
50,2
temporary,1
belong,2
guest,1
comfortable,2
51,1
willin,1
uncomfortable,2
intercepts,1
dumbstruck,2
deeply,2
timidly,1
tthank,1
rather,1
knew,1
tease,1
melts,2
lightly,1
sobbing,1
fences,1
arms,4
kisses,4
limp,1
passion,2
respond,1
glides,1
52,1
embraces,2
dam,1
erupts,1
herself,1
freely,1
talking,1
eyebrows,1
knit,1
confusion,3
stairs,10
seconds,3
athletes,1
wonderment,2
disgust,1
quietly,2
goldmill,4
message,3
card,3
breast,1
promotions,1
sparrin,8
puttin,4
53,1
hour,1
jogs,2
beads,1
skyscraper,2
bus,1
midtown,1
broad,1
trot,1
elevator,1
productions,2
secretary,6
startled,1
help,12
multitude,3
walls,1
returns,3
collects,1
54,1
warmly,1
greets,1
hello,2
representation,1
interested,3
excuse,1
available,1
honor,1
shots,6
partner,2
55,1
cigar,2
mate,1
condition,2
spar,3
asking,2
whether,1
weight,3
crashing,1
basket,1
case,2
ponders,1
regains,1
senses,1
watching,8
film,4
interviewed,1
reporter,19
brotherly,1
love,5
patriotic,2
avoid,1
thrusting,1
56,1
mock,2
seriousness,1
send,2
reporters,6
agree,2
virtually,1
winning,1
proves,1
david,1
goliath,2
course,2
coincidence,2
celebrated,1
whatre,2
feelings,2
cook,1
offense,2
lungs,1
paul,1
57,1
fills,3
screen,3
squints,1
largest,1
payday,2
mind,7
elsewhere,1
eatin,1
true,3
youve,2
prizefight,1
comment,1
hi,1
girlfriend,2
blushes,1
dry,1
58,1
remainder,1
directly,1
farce,1
lasts,1
minute,1
borrowed,1
matches,1
exorbitant,1
prices,1
match,2
state,1
athletic,1
commission,1
larry,1
duggan,1
reporting,1
fool,3
lips,2
yall,3
59,1
livin,2
standin,2
errands,1
cared,2
yesterday,1
such,2
overbearing,1
einstein,1
flunked,1
twice,1
roosevelt,1
finished,1
class,2
beethoven,1
helen,1
keller,1
doorway,2
stairway,1
converses,1
upstairs,1
voice,5
echoes,1
stairwell,1
60,1
hearin,1
expect,3
waiting,2
yelling,2
landing,1
completes,3
which,3
resounds,1
throughout,1
sandwiches,1
able,3
61,1
trainin,2
expenses,1
imply,1
whys,1
foolish,1
question,1
curb,1
cab,1
santa,1
claus,1
merry,1
christmas,2
present,5
rug,2
guinneas,1
afroamericans,1
plans,1
62,1
stock,1
market,2
fought,4
irish,1
gallager,1
businessman,2
gloves,3
mama,1
cried,1
peace,1
lay,1
bastard,1
owned,1
66,2
tony,1
kiddin,2
slaps,4
63,1
turning,2
feeds,2
notices,3
telegrams,4
laying,1
threshold,1
sense,1
awe,1
settling,1
knock,4
framed,1
soiled,1
clothing,1
mangled,1
armchair,1
mick,5
joint,3
manner,2
obvious,1
preying,1
having,1
outsiders,1
lives,2
lucky,2
64,1
freak,3
boys,5
colorful,2
hearts,1
peanuts,1
shoved,3
uneasy,2
strange,1
attention,4
drawn,1
domestic,1
businesslike,1
bible,2
sez,2
second,9
advisor,1
pugilism,1
halfsmoked,1
loss,1
65,2
stronger,1
each,9
brooklyn,1
smacked,1
ginny,1
russo,1
september,2
1923,2
firpo,1
dempsey,5
press,2
dates,1
deafly,1
engrossed,4
stitches,1
thirtyfour,1
seventeen,1
times,4
sailor,1
eve,1
1940,1
camden,1
jersey,2
professional,1
pastin,1
read,1
shows,2
tiny,1
clipping,1
cauliflower,1
vegetable,1
pain,8
experience,3
remind,3
prized,1
possession,1
rung,1
compared,1
idol,1
tocker,1
shifts,1
lowers,5
crouch,1
dirtiest,1
treated,2
dogs,2
pit,1
management,2
67,1
boxcars,2
whorehouse,1
basements,1
october,1
1931,1
tack,1
punched,1
holes,1
shootin,1
cheeks,1
watchin,2
outside,6
mighty,1
prime,2
tools,1
starched,1
lightweight,1
husky,1
east,1
coast,2
slick,1
stashed,1
opened,1
dirt,1
lotta,2
scars,2
dagos,1
colosseum,1
rome,1
knowledge,1
protect,1
deal,1
dished,1
gave,4
begging,1
mistake,1
68,1
tightly,3
slide,2
earn,1
helped,2
ashtray,1
kneels,1
knee,2
wantin,1
ask,3
seventysix,1
choked,1
struggles,1
feet,9
beaten,3
moments,2
springing,1
69,1
races,1
toward,2
shadowy,1
hunched,1
form,2
lamp,2
predawn,3
alarm,1
clock,3
accustomed,1
difficulty,1
staggers,4
wavers,1
roaches,1
basin,1
submerges,1
sways,3
dozen,1
eggs,2
cracks,1
raw,2
downs,1
swill,1
quivers,1
wellworn,1
sweat,3
hood,1
sneakers,1
steaming,1
attests,1
running,7
clearly,3
lamps,1
hoisting,1
cans,1
art,2
museum,2
base,1
overwhelmingly,1
steep,3
disappear,1
gray,1
taking,2
halfway,2
brushes,2
descends,1
veers,1
river,1
heaving,1
gusts,1
exhausted,2
breaths,1
lazy,2
jabs,5
aching,1
sides,1
delivering,3
papers,2
observe,1
amusement,1
forces,2
begin,2
70,1
elevated,2
station,2
spring,2
garden,1
roaring,1
blend,1
perfectly,1
sky,1
beginning,2
lighten,1
piers,1
anchored,1
freighters,1
eastern,6
packing,6
company,6
fivethirty,1
loading,2
platform,2
belonging,1
alongside,2
mounts,1
ramp,1
knocks,3
shipping,1
panting,1
tight,4
whiskey,2
puerto,1
ricans,1
lounging,1
theshipping,1
jose,2
accent,1
rehearsed,1
badly,4
hip,4
hooray,2
71,1
rockll,1
refrigerator,3
modern,1
torture,1
chamber,1
row,5
slabs,1
beef,12
blower,1
causes,2
speak,2
teasing,1
jackknife,1
swills,2
pint,1
bottle,2
72,1
speaks,1
mulling,1
quite,1
laughter,2
attraction,1
gaps,5
sharply,1
ballin,1
tersely,1
screwin,1
fists,4
73,1
muted,1
challenge,2
responds,1
ribs,9
grotesque,1
object,2
swings,2
arc,1
corpse,1
hooks,3
reveals,1
concentration,3
locked,1
total,2
rump,2
speeds,1
pounding,4
widen,1
grimaces,2
receiving,3
recess,1
appears,5
surrealistically,1
theyll,1
jail,1
murder,1
drenched,2
elbows,1
package,2
bleary,1
reveal,1
fearful,2
resentment,1
filled,2
capacity,2
noise,4
deafening,3
string,5
74,1
passionate,1
clumsy,1
balance,4
helper,1
tie,1
slack,1
footwork,4
task,1
sticking,1
everywhere,2
cured,1
breakin,2
dangerous,3
interrupt,2
autograph,1
conductin,1
depart,1
75,1
autographs,1
writer,1
visitors,1
strains,1
cameramen,1
entering,1
approaching,5
cameraman,2
channel,1
covering,1
prefight,1
own,2
crew,5
crews,1
rush,3
rolling,1
landmark,1
sorts,1
1929,1
toil,1
permeates,1
trademark,1
unique,2
profession,1
yet,1
fixture,1
unprecedented,1
named,1
76,1
glaring,1
lately,1
changed,1
howre,1
preparing,1
punchy,1
readin,1
fuckin,1
books,2
explodes,8
honestly,1
whispers,2
tear,1
anything,3
derogatory,2
77,1
bellowing,2
freezes,2
disbelief,2
realizes,1
stunt,1
donate,1
science,1
tuna,1
fish,1
beware,1
mon,1
cher,1
cameras,2
speechless,2
thas,1
bounce,1
offa,1
planet,1
pluto,1
gots,1
announcement,1
yhear,1
free,1
78,1
likin,1
admit,1
generous,1
100,2
pure,2
government,1
inspected,1
afroamerican,1
folk,1
hero,1
snake,1
aside,5
nudges,1
thinks,2
pushes,2
harder,1
questioningly,1
sales,1
midsentence,1
pig,2
whyre,1
shaking,1
dudes,1
holds,3
soul,1
yoself,1
79,1
apologetically,1
cuttin,1
wop,1
looms,1
apprehensive,1
slyly,1
putting,1
expensive,1
equipment,1
insanely,1
kind,3
punk,1
cautious,1
accidentally,1
stone,1
command,2
enjoying,1
80,1
yore,1
motionless,4
swallows,1
pride,3
shuffle,1
viciously,1
tryin,1
scumbag,2
loose,3
flat,1
reeks,1
fear,2
flick,1
forth,1
bodyguards,2
ease,1
lying,2
shuffles,2
bend,1
warning,1
exposed,1
crack,3
sinks,1
writhing,1
silent,4
moaning,1
stunned,2
become,4
admiration,2
hint,1
apprehension,2
81,1
shake,1
chill,1
cannons,1
print,1
disperses,1
leaving,2
pathetic,1
broken,3
dismal,1
scoops,1
anymore,1
nigger,1
honky,1
lovely,1
curtains,2
glare,1
overly,1
feminine,1
wreath,1
feels,2
durin,1
82,1
seductive,1
uncharacteristically,1
underneath,1
hold,2
shirt,1
guilty,1
carries,1
sags,2
wrestle,1
pavement,1
sneak,1
beast,1
chases,1
usual,1
meathouse,2
stopped,2
vans,1
area,2
minicameras,1
milling,1
upset,1
83,1
thatta,1
led,2
positioned,1
beside,3
slab,1
refrigerated,1
box,1
unusual,1
method,2
demonstrate,1
viewing,2
audience,4
liked,1
84,1
common,1
pound,1
invented,1
demonstration,1
incredible,2
intensity,1
hitting,2
unnerved,1
lens,1
bloody,3
diane,1
lewis,1
desk,6
middleaged,1
younger,2
flowing,1
forms,1
charts,1
channeled,1
west,1
closedcircuit,1
advertising,1
roses,1
mayors,2
spots,1
midwest,1
canadian,1
85,1
canada,1
figures,1
program,1
concession,1
darkened,2
exhibition,1
oughta,1
paperwork,1
gross,1
rental,1
arena,15
include,1
ushers,1
moonless,1
listlessly,3
chair,3
rubs,3
voices,1
traveling,1
tightens,1
otherwise,1
threw,1
86,1
mad,2
uncontrollable,1
shutup,1
charity,1
yas,1
frustration,1
bordering,1
breakdown,1
87,1
living,3
closet,1
bat,6
raising,1
sos,1
crumbs,1
table,1
88,1
knots,2
scared,1
married,1
couldnt,1
yaself,2
yad,1
instead,2
owe,5
supposed,2
treat,1
treatin,1
blame,1
remembering,1
threatens,1
89,1
virgin,1
pants,2
mortified,1
fuming,1
cocks,1
haul,2
beggin,1
ashamed,1
buried,1
pillow,1
rocking,1
cradles,1
cheek,1
joke,1
90,1
cluttered,2
blankets,1
windows,2
mm,2
movies,3
intense,2
defense,1
lie,1
rollin,1
retreat,1
retreatin,1
flickering,1
images,2
nuts,1
included,1
helpless,2
instinct,1
interestin,1
rightcross,1
power,4
rip,1
climb,1
meetin,1
waitin,1
nails,1
91,1
lightin,1
thunder,1
staring,2
transfixed,2
projecting,1
angles,2
instructs,1
incline,1
situp,1
doing,1
situps,1
stomach,1
dumbbell,1
evident,1
pushups,1
coaching,1
target,1
swinging,2
hums,1
clicks,1
stopwatch,1
pats,2
exercising,1
medicine,1
ball,1
dino,1
heads,2
cha,1
benny,10
meet,1
cutman,1
stein,1
ben,2
92,1
checks,2
skin,1
worse,1
intercepted,1
found,1
angle,50
bread,1
usin,1
strides,1
trailing,1
tripled,1
dashing,1
streets,1
pied,1
piper,1
twilight,1
bottom,1
seem,4
heavens,1
neverending,1
strain,2
nearing,1
pumps,1
strength,3
swells,1
mayor,13
rizzos,1
aide,1
file,1
lays,1
93,1
busy,2
type,1
nineteen,1
arrests,1
probation,1
expelled,1
schools,1
1964,1
sink,1
setting,1
example,1
police,2
force,1
bring,1
button,1
photographer,2
thank,2
coming,1
plan,1
94,1
scrapbooks,1
newsweek,1
magazine,4
headline,1
donkey,1
realize,1
illustrated,1
sportsman,1
clippings,1
telephone,1
speakin,1
bruce,4
upstate,1
sellin,1
estate,1
advance,1
95,1
condominiums,1
uses,2
investment,1
hours,5
depreciation,1
lemme,2
pencil,2
motion,4
6592424,1
distant,1
elses,1
96,1
gyms,1
reflects,1
cleans,1
projector,5
cabinet,1
stack,1
films,1
dissolve,3
indicates,1
upright,2
catches,4
springs,1
reruns,1
knockout,1
blow,4
freeze,1
frame,1
inspects,3
priceless,1
painting,1
writing,1
note,1
pad,1
streams,1
filthy,1
lazily,1
flops,1
reel,1
reddened,1
97,1
thinkinm,1
inches,2
machine,1
slides,1
crashes,2
asleep,1
couch,1
studyin,1
nowhere,1
98,1
lose,3
gone,2
gently,1
foolin,1
location,1
spectrum,3
grandly,1
celebrities,1
wealthy,1
lower,2
decorated,1
posters,1
abe,1
lincoln,1
dr,1
martin,1
luther,1
king,2
jr,1
franklin,1
filters,1
99,1
closeup,8
rasping,2
adhesive,2
pronounced,2
identical,1
wraps,1
wrapped,3
breathing,3
mounting,3
pattern,1
increase,2
intake,1
oxygen,1
tremendously,1
magnified,2
coating,1
vaseline,1
applied,1
champions,4
extreme,2
shine,1
brightly,1
grease,2
smeared,1
digging,1
muscles,1
upper,2
mikes,1
waist,1
lifting,1
diaphragm,2
roars,4
champs,1
praying,1
completing,1
emotion,1
sweeps,1
verge,1
tears,3
security,1
guards,3
rob,1
flaming,1
letters,1
pennzoil,1
helps,1
101,1
shrewd,1
commentators,6
panel,1
circuit,1
televisions,1
welcome,3
point,1
beamed,1
theatres,1
co,1
evenings,2
michaels,1
electricity,1
fiftytoone,1
cinderella,1
captured,1
peoples,2
imaginations,1
quote,1
popular,1
caveman,1
cavalier,1
fortyfour,1
wins,1
losses,1
thirtyeight,1
knockouts,1
wonder,1
skill,1
vegas,1
odds,1
102,1
wedge,1
uniformed,1
knife,2
wish,1
hurl,1
insults,1
roar,2
boat,2
silver,1
builds,1
proportions,1
rope,1
bounds,1
outfit,4
garbed,1
outrageous,1
uncle,3
sam,3
sequined,2
trunks,3
silk,1
stars,1
waistband,1
chin,4
pointed,1
beard,1
undoubtedly,1
seeing,1
obviously,1
impersonation,1
immediately,1
gracefully,1
dancing,2
circle,2
within,1
loves,1
taunting,1
floats,2
103,1
suits,1
nicely,1
blonde,1
escort,1
secretly,2
gestures,3
date,1
ladies,4
gentlemen,3
former,4
gents,1
manassa,1
mauler,1
jack,3
timekeeper,3
bronx,1
bull,1
jake,2
lamotta,1
la,1
motta,1
wishes,1
contenders,1
everybodys,1
favorite,1
bomber,1
louis,3
104,1
bows,1
pose,1
playful,2
certainly,1
son,2
frazier,9
rumbles,1
cheers,2
attack,5
save,1
beckon,1
tonights,1
trains,1
105,1
ninetyone,1
phillys,1
sons,1
response,1
weighing,1
undefeated,1
master,3
disaster,1
display,1
explains,1
rules,1
others,1
referees,1
expressions,1
soulful,1
frightening,1
communicated,1
corners,1
bless,1
boxes,1
considers,1
amateur,1
106,1
stings,2
slower,1
blocks,1
eighty,1
blows,1
smoothly,1
snaps,1
triple,1
solid,2
fistmen,1
toying,1
moneys,1
outclasses,1
upswing,1
dropped,2
goddamnit,1
lightning,2
jab,2
repeatedly,1
charges,1
terrific,2
uppercut,2
liver,1
cringe,1
107,1
counters,4
whips,1
brutal,1
spectators,1
stick,2
goose,1
egg,1
employs,3
dazzles,1
bombarding,1
midsection,2
108,1
assaulting,1
blinding,1
stupendous,1
shatters,1
rearranged,1
reduce,1
swelling,2
hardly,1
swallow,1
rapidly,1
microphones,1
109,1
anyone,2
wouldve,1
predicted,1
knockdown,1
punishment,3
worst,1
dying,1
interesting,1
skips,1
sledgehammer,1
expert,1
fully,1
tearing,1
bombing,1
fires,1
penetrating,1
feints,2
leftright,1
lands,1
temple,2
movement,2
duck,1
expected,1
brilliant,1
ability,1
situations,1
outstanding,1
traits,1
perfect,1
110,1
offensive,1
flush,2
wallop,1
vertically,1
slow,1
terrifying,1
gash,1
contorts,1
excruciation,1
assistant,3
bleedin,2
frantically,4
passable,1
111,1
wretchedly,1
holdin,1
getttin,1
tagged,1
feint,1
sappin,1
losin,2
series,1
slashes,1
ribbons,1
pays,1
dearly,1
welts,2
attest,1
bodybattering,1
unable,1
remain,2
lured,1
growing,2
stepping,1
thunderous,2
112,1
entranced,1
plants,1
thumping,1
winces,1
losing,1
frantic,3
impassive,1
lively,1
cheer,1
stones,1
appalling,1
tenacity,1
rips,1
ceaseless,1
stream,1
rapierlike,1
lefts,2
outclassed,1
wades,2
thunderbolt,1
sprays,2
droplets,1
drip,1
merciless,1
staggered,2
torrent,1
cannot,2
shift,1
doubt,1
punishing,1
brawl,1
spotted,1
113,1
refuses,1
refused,1
mercy,3
vicious,1
slugfest,1
turmoil,1
hurtin,1
shut,1
114,1
index,1
middle,2
draining,1
wounds,1
gauze,1
aware,1
operation,1
fourteen,2
bores,1
wolf,1
savagery,1
driven,1
receives,1
devastating,1
distortion,1
scream,1
renewed,1
energy,1
wounded,1
wild,1
tide,1
glaze,1
supreme,2
effort,1
flicks,1
dread,1
bulge,1
stoic,1
drips,1
italians,1
shields,1
judges,1
115,1
guide,1
trickles,1
jivin,1
elbow,1
longer,1
jelly,1
buoyant,1
truly,1
116,1
distraught,1
impassioned,1
cautiously,1
circles,2
unansweringly,1
slowed,1
standstill,1
canvas,1
protecting,1
injured,1
117,1
unofficially,1
balboas,1
attacks,1
unleashes,1
lethal,1
jolts,1
crucified,1
position,1
insane,1
leaps,1
snarl,1
toe,4
obliges,1
weary,1
effective,1
burst,1
rights,1
ko,1
written,1
assault,1
photographers,1
horrified,1
wipe,1
bit,1
souls,1
hypnotized,1
entered,1
dimension,1
beyond,1
approval,1
118,1
collapsed,1
midst,1
unabashed,1
blooddrenched,1
gladiators,1
dramatic,1
reacting,1
unspoken,1
embrace,2
rematch,1
separates,1
privilege,1
witnessed,1
exhibitions,1
stamina,1
guts,1
decision,1
reassure,1
frozen,1
anticipation,1
walker,1
scores,3
roseman,1
eightseven,1
119,1
rigid,1
radiates,1
crown,1
blanketed,1
conners,1
sorely,1
cheering,1
reach,1
grin,1
hugs,1
cutmans,1
wearily,1
victorious,1
distorted,1
reflect,1
crush,1
screaming,2
waving,2
banners,1
wishing,1
rumble,1
abnormally,1
active,1
shove,2
clutch,1
wildly,1
army,1
swing,1
angrily,1
engulfed,1
humanity,1
hoisted,1
carried,1
legion,1
120,1
experiencing,1
adulation,1
control,1
drowned,1
hoist,1
competing,1
chanting,2
passed,1
bodies,1
float,1
sea,1
danger,1
headlong,1
mass,1
manhandled,1
directions,2
view,1
flattens,1
procession,3
unbelievably,1
toes,1
screams,1
somehow,1
delicate,1
knifes,1
manages,2
jumping,1
carrying,1
121,1
climbing,1
escalator,1
jammed,1
crawl,1
swept,1
